#,Name,RA,DE
1,J125827.84+285826.7,194.6172363,28.98362444
2,J125856.16+282749.6,194.7344605,28.46904344
3,J125805.52+281434.0,194.5315182,28.25170124
4,J125436.72+285548.7,193.6595805,28.93093017
5,J130137.20+282748.6,195.4118679,28.46902358
6,J130030.72+282047.0,195.1379207,28.34733376
7,J125928.56+280507.4,194.8713525,28.09535357
8,J125931.44+280247.7,194.8859565,28.04769769
9,J130051.60+280234.4,195.2245447,28.05076161
