#,Name,RA,DE
1,J125827.84+285826.7,194.6531067,29.04076473
2,J125856.16+282749.6,122.391641,85.86617886
3,J125805.52+281434.0,38.92113117,73.95194473
4,J125436.72+285548.7,19.73715947,17.83356089
5,J130137.20+282748.6,31.15678468,35.53524725
6,J130030.72+282047.0,33.0838349,24.93342618
7,J125928.56+280507.4,5.999022979,65.37059086
8,J125931.44+280247.7,91.08286407,46.06432571
9,J130051.60+280234.4,161.0363493,6.796384558
