#,Name,RA,DE
1,J125827.84+285826.7,194.616,28.9741
2,J125856.16+282749.6,122.214595,85.80571822
3,J125805.52+281434.0,38.76917493,73.88840198
4,J125436.72+285548.7,19.6994549,17.77611157
5,J130137.20+282748.6,31.05081475,35.35372775
6,J130030.72+282047.0,32.89335441,24.74350048
7,J125928.56+280507.4,5.93483505,65.26050125
8,J125931.44+280247.7,90.95921458,46.01224634
9,J130051.60+280234.4,160.8696149,6.670390614
